id,title,year,metadata_basis,cluster,cluster_name,tags,priority,verification,primary_url,other_urls,note,alias_of,where_used,caveat,core_card,intro_atlas
n00,Learning High-Fidelity Robot Self-Model with Articulated 3D Gaussian Splatting,2025,旧笔记线索，非认证元数据,G1,视觉自建模与全身表示,视觉自建模与全身表示,P3 储备,note_only,https://arxiv.org/abs/2503.05398,https://doi.org/10.1177/02783649251396980,../notes/notes_3dgs_self_modeling_2025.md,,RW1：形状表示与自建模,仅定位到既有阅读笔记，技术细节和数值本次未复核；正式引用前核原文。,,
aft2025,AFT: Appearance-Based Feature Tracking for Markerless and Training-Free Shape Reconstruction of Soft Robots,2025,原文核对指定章节,G3,部分观测、形状传感与观察器,单RGB-D; 遮挡; 形状重建; 全身闭环,P1 核心,primary_checked,https://arxiv.org/abs/2511.18215,,../notes/notes_aft2025_markerless_shape_tracking.md,,引言第3段；RW3；重建反馈对照,遮挡重建与闭环控制在不同实验节，不能自动合并成物理遮挡闭环验证。RGB-D/自然纹理预算与本项目不同。Table II移除多尺度后形状误差2.73%略低于完整2.85%，不能说所有模块改善所有指标。,core_papers.md#aft2025,introduction_atlas.md#aft2025
n02,On Prandtl–Ishlinskii Hysteresis Modeling of a Loaded Pneumatic Artificial Muscle,2022,旧笔记线索，非认证元数据,G2,历史、迟滞与动力学,历史、迟滞与动力学,P3 储备,note_only,https://doi.org/10.1115/1.4054779,,../notes/notes_alsaaideh2022_loaded_pam_pi_hysteresis.md,,RW2：历史与迟滞,仅定位到既有阅读笔记，技术细节和数值本次未复核；正式引用前核原文。,,
n03,Shape reconstruction of soft continuum robots via the fusion of local strains and global poses,2024,旧笔记线索，非认证元数据,G3,部分观测、形状传感与观察器,部分观测、形状传感与观察器,P3 储备,note_only,https://doi.org/10.1016/j.xcrp.2024.102224,https://doi.org/10.1016/j.xcrp.2024.102224,../notes/notes_an2024_strain_pose_fusion_shape.md,,RW3：局部信息与状态估计,仅定位到既有阅读笔记，技术细节和数值本次未复核；正式引用前核原文。,,
n04,Damage Adaptation in Seconds for Architected Materials (LEAP),2026,旧笔记线索，非认证元数据,G4,预测、视觉与自适应控制,预测、视觉与自适应控制,P3 储备,note_only,https://arxiv.org/abs/2606.17394,,../notes/notes_avtges2026_leap_damage_adaptation.md,,RW4：预测/适应控制,仅定位到既有阅读笔记，技术细节和数值本次未复核；正式引用前核原文。,,
n05,Hysteresis-assisted shape morphing for soft continuum robots (HasMorph),2025,旧笔记线索，非认证元数据,G2,历史、迟滞与动力学,历史、迟滞与动力学,P3 储备,note_only,https://www.science.org/doi/10.1126/sciadv.adx3024,,../notes/notes_bi2025_hasmorph_hysteresis_shape_morphing.md,,RW2：历史与迟滞,仅定位到既有阅读笔记，技术细节和数值本次未复核；正式引用前核原文。,,
n06,CATNIPS: Collision Avoidance Through Neural Implicit Probabilistic Scenes,2023,旧笔记线索，非认证元数据,G5,约束、接触与安全,约束、接触与安全,P3 储备,note_only,https://arxiv.org/abs/2302.12931,https://github.com/chengine/catnips,../notes/notes_catnips_collision_avoidance_2023.md,,讨论：约束与安全边界,仅定位到既有阅读笔记，技术细节和数值本次未复核；正式引用前核原文。,,
chen2022,Fully body visual self-modeling of robot morphologies,2022,原文核对指定章节,G1,视觉自建模与全身表示,全身视觉自建模; 隐式形态; 损伤,P2 精读,primary_checked,https://doi.org/10.1126/scirobotics.abn1944,,../notes/notes_chen2022_self_modeling_damage_recovery.md,,RW1；自建模定义,本地出版PDF标题是“Fully body visual self-modeling of robot morphologies”；不是本项目的软体历史状态观察器。,core_papers.md#chen2022,
n08,Data-driven Methods Applied to Soft Robot Modeling and Control: A Review,2023,旧笔记线索，非认证元数据,G7,综述与方法规范,综述与方法规范,P3 储备,note_only,https://arxiv.org/abs/2305.12137,https://arxiv.org/abs/2305.12137,../notes/notes_chen2023_data_driven_soft_robot_review.md,,引言背景与评价规范,仅定位到既有阅读笔记，技术细节和数值本次未复核；正式引用前核原文。,,
chen2025,Hysteresis-Aware Neural Network Modeling and Whole-Body Reinforcement Learning Control of Soft Robots,2025,原文核对指定章节,G2,历史、迟滞与动力学,方向迟滞; 全身; 真实数据; 强化学习,P1 核心,primary_checked,https://arxiv.org/abs/2504.13582,,../notes/notes_chen2025_hysteresis_whole_body_rl.md,,引言第2/4段；RW2；M1方向基线,不是仿真监督训练；方向条件不能直接等同任意长历史，但也不能把旧笔记中的RNN/TCN推断当原方法。V-A训练/测试措辞有歧义，应独立规定本项目数据划分。,core_papers.md#chen2025,introduction_atlas.md#chen2025
n10,Compensating for Unmodeled Forces using Neural Networks in Soft Manipulator Planning,2021,旧笔记线索，非认证元数据,G4,预测、视觉与自适应控制,预测、视觉与自适应控制,P3 储备,note_only,https://research.engr.oregonstate.edu/rdml/sites/research.engr.oregonstate.edu.rdml/files/icra21_home_papercept_ras.papercept.net_www_conferences_conferences_icra21_submissions_4110_fi.pdf,,../notes/notes_chow2021_residual_nn_planning.md,,RW4：预测/适应控制,仅定位到既有阅读笔记，技术细节和数值本次未复核；正式引用前核原文。,,
n11,End-Point Position Estimation of a Soft Continuum Manipulator Using Embedded Linear Magnetic Encoders,2023,旧笔记线索，非认证元数据,G3,部分观测、形状传感与观察器,部分观测、形状传感与观察器,P3 储备,note_only,https://pmc.ncbi.nlm.nih.gov/articles/PMC9921875/,,../notes/notes_costa2023_linear_magnetic_encoders.md,,RW3：局部信息与状态估计,仅定位到既有阅读笔记，技术细节和数值本次未复核；正式引用前核原文。,,
n12,Hysteresis Modeling of Soft Pneumatic Actuators: An Experimental Review,2025,旧笔记线索，非认证元数据,G2,历史、迟滞与动力学,历史、迟滞与动力学,P3 储备,note_only,https://www.mdpi.com/2076-0825/14/7/321,https://doi.org/10.3390/act14070321,../notes/notes_delamorena2025_spa_hysteresis_review.md,,RW2：历史与迟滞,仅定位到既有阅读笔记，技术细节和数值本次未复核；正式引用前核原文。,,
n13,DGS-LRM: Real-Time Deformable 3D Gaussian Reconstruction From Monocular Videos,2025,旧笔记线索，非认证元数据,G6,效率、不确定性与表示工具,效率、不确定性与表示工具,P3 储备,note_only,https://arxiv.org/abs/2506.09997,,../notes/notes_dgs_lrm_2025.md,,方法工具或未来方向,仅定位到既有阅读笔记，技术细节和数值本次未复核；正式引用前核原文。,,
n14,Safe Autonomous Environmental Contact for Soft Robots Using Control Barrier Functions,2025,旧笔记线索，非认证元数据,G5,约束、接触与安全,约束、接触与安全,P3 储备,note_only,https://arxiv.org/abs/2504.14755,,../notes/notes_dickson2025_safe_contact_cbf.md,,讨论：约束与安全边界,仅定位到既有阅读笔记，技术细节和数值本次未复核；正式引用前核原文。,,
n15,Learning Controllers for Continuum Soft Manipulators: Impact of Modeling and Looming Challenges,2025,旧笔记线索，非认证元数据,G7,综述与方法规范,综述与方法规范,P3 储备,note_only,https://doi.org/10.1002/aisy.202400344,,../notes/notes_falotico2025_csm_learning_control_review.md,,引言背景与评价规范,仅定位到既有阅读笔记，技术细节和数值本次未复核；正式引用前核原文。,,
n16,Evolutionary Gait Reconfiguration in Damaged Legged Robots,2025,旧笔记线索，非认证元数据,G4,预测、视觉与自适应控制,预测、视觉与自适应控制,P3 储备,note_only,https://arxiv.org/abs/2506.19968,,../notes/notes_farghdani2025_damaged_legged_recovery.md,,RW4：预测/适应控制,仅定位到既有阅读笔记，技术细节和数值本次未复核；正式引用前核原文。,,
n17,Continuum Robot Modeling with Action Conditioned Flow Matching,2026,旧笔记线索，非认证元数据,G6,效率、不确定性与表示工具,效率、不确定性与表示工具,P3 储备,identity_pending,https://arxiv.org/abs/2605.09216,,../notes/notes_flow_matching_tdcr_2026.md,,方法工具或未来方向,有检索线索，但题名/作者/出版信息与技术主张尚未完成原文身份核对；不能直接进入正式参考文献。,,
n18,A three-dimensional fractional visco-hyperelastic model for soft materials,2022,旧笔记线索，非认证元数据,G2,历史、迟滞与动力学,历史、迟滞与动力学,P3 储备,note_only,https://doi.org/10.1016/j.jmbbm.2022.105564,,../notes/notes_gao2022_fractional_viscohyperelastic.md,,RW2：历史与迟滞,仅定位到既有阅读笔记，技术细节和数值本次未复核；正式引用前核原文。,,
n19,Sim-to-Real of Soft Robots With Learned Residual Physics,2024,旧笔记线索，非认证元数据,G4,预测、视觉与自适应控制,预测、视觉与自适应控制,P3 储备,note_only,https://arxiv.org/abs/2402.01086,,../notes/notes_gao2024_residual_physics.md,,RW4：预测/适应控制,仅定位到既有阅读笔记，技术细节和数值本次未复核；正式引用前核原文。,,
n20,Modeling of Viscoelastic Electromechanical Behavior in a Soft Dielectric Elastomer Actuator,2017,旧笔记线索，非认证元数据,G2,历史、迟滞与动力学,历史、迟滞与动力学,P3 储备,note_only,https://doi.org/10.1109/TRO.2017.2706285,https://softrobotics.sjtu.edu.cn/pdf/38.pdf,../notes/notes_gu2017_dea_viscoelastic_statespace.md,,RW2：历史与迟滞,仅定位到既有阅读笔记，技术细节和数值本次未复核；正式引用前核原文。,,
hachen2025,A Non-Linear Model Predictive Task-Space Controller Satisfying Shape Constraints for Tendon-Driven Continuum Robots,2025,原文核对指定章节,G5,约束、接触与安全,NMPC; 形状约束; PCC; 实时,P2 精读,primary_checked,https://arxiv.org/abs/2409.09970,,../notes/notes_hachen2025_nmpc_shape_constraints.md,,RW4；计算预算与避障边界,这是特定时域与CPU下的迭代时间，不是任意任务端到端硬实时。本项目当前没有其避障约束。,core_papers.md#hachen2025,
herrmann2026,Discrete Geometric Modeling and Extended State Estimation of Continuum Robots,2026,原文核对指定章节,G3,部分观测、形状传感与观察器,物理模型; EKF; 状态与扰动; 实时,P2 精读,primary_checked,https://arxiv.org/abs/2606.21205,,../notes/notes_herrmann2026_discrete_geom_ekf.md,,RW3；物理观察器与学习模型的公平定位,5 ms本次已在原文核实，但不等于相同RGB视觉反馈预算；也不证明全部物理方法都快/慢。,core_papers.md#herrmann2026,
n23,Leveraging Part-Based NeRF for Robot Self-Modeling and Control,2025,旧笔记线索，非认证元数据,G1,视觉自建模与全身表示,视觉自建模与全身表示,P3 储备,note_only,https://onlinelibrary.wiley.com/doi/full/10.1002/smb2.70005,,../notes/notes_hu2025_part_nerf_self_modeling.md,,RW1：形状表示与自建模,仅定位到既有阅读笔记，技术细节和数值本次未复核；正式引用前核原文。,,
n24,Hysteresis-Aware Neural Network for Soft Robot Proprioception,2025,旧笔记线索，非认证元数据,G2,历史、迟滞与动力学,历史、迟滞与动力学,P3 储备,duplicate_alias,https://arxiv.org/abs/2504.13582,,../notes/notes_hysteresis_aware_nn_2025.md,chen2025,RW2：历史与迟滞,与Chen 2504.13582同一arXiv，旧题名和方法描述不准确；引用主记录chen2025，不重复计数。,,
jiang2025,Data-driven Kinematic Modeling in Soft Robots: System Identification and Uncertainty Quantification,2025,原文核对指定章节,G6,效率、不确定性与表示工具,不确定性; Conformal; 数据划分,P2 精读,primary_checked,https://arxiv.org/abs/2507.07370,,../notes/notes_jiang2025_conformal_kinematic_uq.md,,RW扩展；未来校准不确定性,分布无关保证有相应数据假设；时间相关和部署漂移不能自动享有普通split conformal覆盖保证。本项目尚无校准概率区间。,core_papers.md#jiang2025,
n26,A modal-space formulation for momentum observer contact estimation and effects of uncertainty for continuum robots,2025,旧笔记线索，非认证元数据,G5,约束、接触与安全,约束、接触与安全,P3 储备,note_only,https://arxiv.org/abs/2505.03044,,../notes/notes_johnston2025_momentum_observer_contact.md,,讨论：约束与安全边界,仅定位到既有阅读笔记，技术细节和数值本次未复核；正式引用前核原文。,,
n27,Shape-Aware Whole-Body Control for Continuum Robots with Application in Endoluminal Surgical Robotics,2025,旧笔记线索，非认证元数据,G4,预测、视觉与自适应控制,预测、视觉与自适应控制,P3 储备,note_only,https://arxiv.org/abs/2510.12332,,../notes/notes_kasaei2025_shape_aware_whole_body.md,,RW4：预测/适应控制,仅定位到既有阅读笔记，技术细节和数值本次未复核；正式引用前核原文。,,
n28,Multi-core Optical Fibers with Bragg Gratings as Shape Sensor for Flexible Medical Instruments,2019,旧笔记线索，非认证元数据,G3,部分观测、形状传感与观察器,部分观测、形状传感与观察器,P3 储备,note_only,https://ris.utwente.nl/ws/files/105398009/khan19_sensors_inpress.pdf,,../notes/notes_khan2019_fbg_multicore_shape.md,,RW3：局部信息与状态估计,仅定位到既有阅读笔记，技术细节和数值本次未复核；正式引用前核原文。,,
n29,Koopman Embedding for Cross-Configuration Control of Soft Robots,2026,旧笔记线索，非认证元数据,G4,预测、视觉与自适应控制,预测、视觉与自适应控制,P3 储备,identity_pending,,,../notes/notes_koopman_embedding_soft_robot_2026.md,,RW4：预测/适应控制,有检索线索，但题名/作者/出版信息与技术主张尚未完成原文身份核对；不能直接进入正式参考文献。,,
krauss2026,Accurate Open-Loop Control of a Soft Continuum Robot Through Visually Learned Latent Representations,2026,原文核对指定章节,G4,预测、视觉与自适应控制,视觉自建模; 潜动力学; 历史; 开环,P1 核心,primary_checked,https://arxiv.org/abs/2603.19655,,../notes/notes_krauss2026_open_loop_latent_scr.md,,引言第2/4段；RW1/2；预测与控制指标设计,不能称其无历史模型；七个消融的优化代理指标不等于七组实机控制验证。其后续工作明确包含反馈与部分观测。,core_papers.md#krauss2026,introduction_atlas.md#krauss2026
n31,Self-supervised Body Image Acquisition Using a Deep Neural Network for Sensorimotor Prediction,2019,旧笔记线索，非认证元数据,G1,视觉自建模与全身表示,视觉自建模与全身表示,P3 储备,note_only,https://arxiv.org/abs/1906.00825,,../notes/notes_laflaquiere2019_body_image.md,,RW1：形状表示与自建模,仅定位到既有阅读笔记，技术细节和数值本次未复核；正式引用前核原文。,,
n32,Real-Time Whole-Body Contact Estimation of Continuum Robots Using Multiplexed Fibers for Embodied Actuation and Sensing to Quantify Interactions,2025,旧笔记线索，非认证元数据,G5,约束、接触与安全,约束、接触与安全,P3 储备,note_only,https://doi.org/10.1177/21695172251388808,,../notes/notes_lin2025_whole_body_contact_estimation.md,,讨论：约束与安全边界,仅定位到既有阅读笔记，技术细节和数值本次未复核；正式引用前核原文。,,
n33,BiLSTM-MLP based hysteresis modeling for soft pneumatic joint actuator,2024,旧笔记线索，非认证元数据,G2,历史、迟滞与动力学,历史、迟滞与动力学,P3 储备,note_only,https://journals.sagepub.com/doi/10.1177/09544062241233924,,../notes/notes_liu2024_bilstm_mlp_hysteresis.md,,RW2：历史与迟滞,仅定位到既有阅读笔记，技术细节和数值本次未复核；正式引用前核原文。,,
n34,Differentiable Robot Rendering (Dr. Robot),2024,旧笔记线索，非认证元数据,G1,视觉自建模与全身表示,视觉自建模与全身表示,P3 储备,note_only,https://drrobot.cs.columbia.edu/,https://arxiv.org/abs/2410.13851; https://github.com/cvlab-columbia/drrobot,../notes/notes_liu2024_differentiable_robot_rendering.md,,RW1：形状表示与自建模,仅定位到既有阅读笔记，技术细节和数值本次未复核；正式引用前核原文。,,
n35,Robot at the Mirror: Learning to Imitate via Associating Self-supervised Models,2023,旧笔记线索，非认证元数据,G1,视觉自建模与全身表示,视觉自建模与全身表示,P3 储备,note_only,https://arxiv.org/abs/2311.13226,,../notes/notes_lucny2023_mirror_self_model.md,,RW1：形状表示与自建模,仅定位到既有阅读笔记，技术细节和数值本次未复核；正式引用前核原文。,,
n36,Contact-Aware Planning and Control of Continuum Robots in Highly Constrained Environments,2026,旧笔记线索，非认证元数据,G5,约束、接触与安全,约束、接触与安全,P3 储备,note_only,https://arxiv.org/abs/2604.15638,,../notes/notes_mangan2026_contact_aware_planning.md,,讨论：约束与安全边界,仅定位到既有阅读笔记，技术细节和数值本次未复核；正式引用前核原文。,,
n37,Controlling Diverse Robots by Inferring Jacobian Fields with Deep Networks (Neural Jacobian Fields),2025,旧笔记线索，非认证元数据,G4,预测、视觉与自适应控制,预测、视觉与自适应控制,P3 储备,note_only,https://doi.org/10.1038/s41586-025-09170-0,https://github.com/sizhe-li/neural-jacobian-field,../notes/notes_neural_jacobian_fields_2025.md,,RW4：预测/适应控制,仅定位到既有阅读笔记，技术细节和数值本次未复核；正式引用前核原文。,,
park2024,Hysteresis Compensation of Flexible Continuum Manipulator Using RGBD Sensing and Temporal Convolutional Network,2024,原文核对指定章节,G2,历史、迟滞与动力学,TCN; 历史窗口; RGB-D; 迟滞补偿,P2 精读,primary_checked,https://arxiv.org/abs/2402.11319,,../notes/notes_park2024_tcn_hysteresis_compensation.md,,RW2；M3；历史长度消融,传动摩擦/迟滞机制不同于气动软臂系统，RGB-D标记也不同于无标记RGB边缘；不能把80步当通用最优。,core_papers.md#park2024,introduction_atlas.md#park2024
n39,Physics-Informed Neural Networks for Soft Robot Modeling,2025,旧笔记线索，非认证元数据,G6,效率、不确定性与表示工具,效率、不确定性与表示工具,P3 储备,identity_pending,https://arxiv.org/abs/2502.01916,,../notes/notes_pinn_soft_robot_2025.md,,方法工具或未来方向,有检索线索，但题名/作者/出版信息与技术主张尚未完成原文身份核对；不能直接进入正式参考文献。,,
n40,Towards Contact-Aided Motion Planning for Tendon-Driven Continuum Robots,2024,旧笔记线索，非认证元数据,G5,约束、接触与安全,约束、接触与安全,P3 储备,note_only,https://arxiv.org/abs/2402.14175,,../notes/notes_rao2024_contact_aided_planning.md,,讨论：约束与安全边界,仅定位到既有阅读笔记，技术细节和数值本次未复核；正式引用前核原文。,,
rezvani2025,Robust Visual Embodiment: How Robots Discover Their Bodies in Real Environments,2025,原文核对指定章节,G1,视觉自建模与全身表示,视觉自建模; 噪声; 背景杂乱,P2 精读,primary_checked,https://arxiv.org/abs/2510.03677,,../notes/notes_rezvani2025_robust_visual_embodiment.md,,RW1/3；前端鲁棒性实验,噪声恢复不等于软臂受遮挡时的历史状态闭环补偿；不继承摘要中的首次主张。,core_papers.md#rezvani2025,
n42,Continuum Robots: An Overview,2023,旧笔记线索，非认证元数据,G7,综述与方法规范,综述与方法规范,P3 储备,note_only,https://advanced.onlinelibrary.wiley.com/doi/10.1002/aisy.202200367,,../notes/notes_russo2023_continuum_robots_overview.md,,引言背景与评价规范,仅定位到既有阅读笔记，技术细节和数值本次未复核；正式引用前核原文。,,
schafke2024,Learning-Based Nonlinear Model Predictive Control of Articulated Soft Robots Using Recurrent Neural Networks,2024,原文核对指定章节,G4,预测、视觉与自适应控制,GRU; LSTM; NMPC; 实时,P1 核心,primary_checked,https://arxiv.org/abs/2411.05616,,../notes/notes_schäfke2024_rnn_nmpc_soft_robot.md,,RW2/4；M2/B2；频率定义,比较时必须让RNN合理携带和初始化隐藏状态；单纯开放环GRU不能代表完整反馈观察器。,core_papers.md#schafke2024,introduction_atlas.md#schafke2024
n44,Synergistic Shape Estimation and Control of Continuum Robots using Augmented Neural ODEs,2025,旧笔记线索，非认证元数据,G3,部分观测、形状传感与观察器,部分观测、形状传感与观察器,P3 储备,identity_pending,https://arxiv.org/abs/2501.03859,,../notes/notes_shape_node_control_2025.md,,RW3：局部信息与状态估计,有检索线索，但题名/作者/出版信息与技术主张尚未完成原文身份核对；不能直接进入正式参考文献。,,
shen2022,ACID: Action-Conditional Implicit Visual Dynamics for Deformable Object Manipulation,2022,原文核对指定章节,G6,效率、不确定性与表示工具,部分观测; 隐式表示; 外部可变形物体,P2 精读,primary_checked,https://arxiv.org/abs/2203.06856,,../notes/notes_shen2022_acid_deformable_dynamics.md,,跨领域方法启发；避免当直接软臂基线,不是软臂身体自建模，也不能据此声称本项目新发明部分点云/部分图像推理。,core_papers.md#shen2022,introduction_atlas.md#shen2022
n46,Shape Sensing Techniques for Continuum Robots in Minimally Invasive Surgery: A Survey,2017,旧笔记线索，非认证元数据,G7,综述与方法规范,综述与方法规范,P3 储备,note_only,https://doi.org/10.1109/tbme.2016.2622361,,../notes/notes_shi2017_shape_sensing_survey.md,,引言背景与评价规范,仅定位到既有阅读笔记，技术细节和数值本次未复核；正式引用前核原文。,,
n47,Self-Supervised Learning for Soft Robot Proprioception,2025,旧笔记线索，非认证元数据,G3,部分观测、形状传感与观察器,部分观测、形状传感与观察器,P3 储备,identity_pending,,,../notes/notes_ssl_proprioception_2025.md,,RW3：局部信息与状态估计,有检索线索，但题名/作者/出版信息与技术主张尚未完成原文身份核对；不能直接进入正式参考文献。,,
n48,Physics-Informed Recurrent Neural Networks for Soft Pneumatic Actuators,2022,旧笔记线索，非认证元数据,G2,历史、迟滞与动力学,历史、迟滞与动力学,P3 储备,note_only,https://ui.adsabs.harvard.edu/abs/2022IRAL....7.6862S/abstract,,../notes/notes_sun2022_pirnn_soft_pneumatic.md,,RW2：历史与迟滞,仅定位到既有阅读笔记，技术细节和数值本次未复核；正式引用前核原文。,,
n49,NeuralFeels with neural fields: Visuotactile perception for in-hand manipulation,2024,旧笔记线索，非认证元数据,G6,效率、不确定性与表示工具,效率、不确定性与表示工具,P3 储备,note_only,https://www.science.org/doi/10.1126/scirobotics.adl0628,https://arxiv.org/abs/2312.13469,../notes/notes_suresh2024_neuralfeels_in_hand.md,,方法工具或未来方向,仅定位到既有阅读笔记，技术细节和数值本次未复核；正式引用前核原文。,,
n50,Generative 3D State Estimation for DLOs From Partial Observations,2026,旧笔记线索，非认证元数据,G3,部分观测、形状传感与观察器,部分观测、形状传感与观察器,P3 储备,note_only,https://ieeexplore.ieee.org/document/11248900/,,../notes/notes_tang2026_dlo_diffusion.md,,RW3：局部信息与状态估计,仅定位到既有阅读笔记，技术细节和数值本次未复核；正式引用前核原文。,,
n51,Learning to Control the Whole-body Shape of a Soft Robotic Arm in Unknown Situations,2026,旧笔记线索，非认证元数据,G4,预测、视觉与自适应控制,预测、视觉与自适应控制,P3 储备,identity_pending,,,../notes/notes_tang2026_whole_body_shape.md,,RW4：预测/适应控制,有检索线索，但题名/作者/出版信息与技术主张尚未完成原文身份核对；不能直接进入正式参考文献。,,
n52,Soft robot perception using embedded soft sensors and recurrent neural networks,2019,旧笔记线索，非认证元数据,G2,历史、迟滞与动力学,历史、迟滞与动力学,P3 储备,note_only,https://www.science.org/doi/10.1126/scirobotics.aav1488,,../notes/notes_thuruthel2019_rnn_soft_proprioception.md,,RW2：历史与迟滞,仅定位到既有阅读笔记，技术细节和数值本次未复核；正式引用前核原文。,,
n53,Real-time dynamics of soft and continuum robots based on Cosserat rod models,2019,旧笔记线索，非认证元数据,G2,历史、迟滞与动力学,历史、迟滞与动力学,P3 储备,note_only,https://journals.sagepub.com/doi/10.1177/0278364919842269,,../notes/notes_till2019_realtime_cosserat_dynamics.md,,RW2：历史与迟滞,仅定位到既有阅读笔记，技术细节和数值本次未复核；正式引用前核原文。,,
n54,Dynamical Modeling and Control of Soft Robots with Non-constant Curvature Deformation,2022,旧笔记线索，非认证元数据,G2,历史、迟滞与动力学,历史、迟滞与动力学,P3 储备,note_only,https://arxiv.org/abs/2203.07929,https://arxiv.org/abs/2203.07929,../notes/notes_wang2022_nonconstant_curvature.md,,RW2：历史与迟滞,仅定位到既有阅读笔记，技术细节和数值本次未复核；正式引用前核原文。,,
n55,Shape Reconstruction of Extensible Continuum Manipulator Based on Soft Sensors,2024,旧笔记线索，非认证元数据,G3,部分观测、形状传感与观察器,部分观测、形状传感与观察器,P3 储备,note_only,https://doi.org/10.1089/soro.2023.0094,,../notes/notes_wang2024_srss_continuum_shape.md,,RW3：局部信息与状态估计,仅定位到既有阅读笔记，技术细节和数值本次未复核；正式引用前核原文。,,
wang2025,Estimating Continuum Robot Shape under External Loading using Spatiotemporal Neural Networks,2025,原文核对指定章节,G3,部分观测、形状传感与观察器,RGB与历史融合; LSTM; 外部负载; 形状估计,P1 核心,primary_checked,https://arxiv.org/abs/2510.22339,,../notes/notes_wang2025_spatiotemporal_shape_loading.md,,RW2/3；B2多模态递归基线,历史+视觉融合估计已有直接相关工作；880样本8:2划分本身不足以证明独立采集泛化；所核对实验未建立遮挡闭环控制结论。,core_papers.md#wang2025,
n57,Design and Kinematic Modeling of Constant Curvature Continuum Robots: A Review,2010,旧笔记线索，非认证元数据,G7,综述与方法规范,综述与方法规范,P3 储备,note_only,https://journals.sagepub.com/doi/10.1177/0278364910368147,https://journals.sagepub.com/doi/10.1177/0278364910368147,../notes/notes_webster2010_constant_curvature_review.md,,引言背景与评价规范,仅定位到既有阅读笔记，技术细节和数值本次未复核；正式引用前核原文。,,
n58,Unified Neural Network-Based Shape Sensing for Continuum Robots Using Fiber Bragg Gratings,2025,旧笔记线索，非认证元数据,G3,部分观测、形状传感与观察器,部分观测、形状传感与观察器,P3 储备,note_only,https://doi.org/10.1109/jsen.2025.3626890,,../notes/notes_wild2025_unified_fbg_shape_sensing.md,,RW3：局部信息与状态估计,仅定位到既有阅读笔记，技术细节和数值本次未复核；正式引用前核原文。,,
n59,Contact-Aware Safety in Soft Robots Using High-Order Control Barrier and Lyapunov Functions,2025,旧笔记线索，非认证元数据,G5,约束、接触与安全,约束、接触与安全,P3 储备,note_only,https://arxiv.org/abs/2505.03841,,../notes/notes_wong2025_contact_aware_safety.md,,讨论：约束与安全边界,仅定位到既有阅读笔记，技术细节和数值本次未复核；正式引用前核原文。,,
wong2026,A Closed-Form CLF-CBF Controller for Whole-Body Continuum Soft Robot Collision Avoidance,2026,原文核对指定章节,G5,约束、接触与安全,CLF-CBF; 全身避障; 闭式控制,P2 精读,primary_checked,https://arxiv.org/abs/2603.19424,,../notes/notes_wong2026_clf_cbf_whole_body_avoidance.md,,RW4边界；未来安全扩展,当前算法只是动作限幅/限速与故障停止，没有障碍物CBF；不能声称具有同等安全性。,core_papers.md#wong2026,
n61,RobotSDF: Implicit Morphology Modeling for the Robotic Arm,2024,旧笔记线索，非认证元数据,G1,视觉自建模与全身表示,视觉自建模与全身表示,P3 储备,note_only,https://www.mdpi.com/1424-8220/24/16/5248,https://www.mdpi.com/1424-8220/24/16/5248,../notes/notes_yang2024_robotsdf_implicit_morphology.md,,RW1：形状表示与自建模,仅定位到既有阅读笔记，技术细节和数值本次未复核；正式引用前核原文。,,
yu2026,Shape-Interpretable Visual Self-Modeling Enables Geometry-Aware Continuum Robot Control,2026,原文核对指定章节,G4,预测、视觉与自适应控制,多视角; 可解释形状; 视觉控制; 全身,P1 核心,primary_checked,https://arxiv.org/abs/2603.01751,,../notes/notes_yu2026_shape_interpretable.md,,引言第2/3段；RW1；全身任务设计,单个视角用单目图像不等于整套系统只需单视角完成任意3D控制；严重遮挡/分割失败被列为限制。,core_papers.md#yu2026,introduction_atlas.md#yu2026
n63,Machine Learning Best Practices for Soft Robot Proprioception,2023,旧笔记线索，非认证元数据,G7,综述与方法规范,综述与方法规范,P3 储备,note_only,https://doi.org/10.1109/IROS55552.2023.10342379,https://www.annanzhang.com/data/pdf/zhang2023machine.pdf,../notes/notes_zhang2023_ml_best_practices_proprioception.md,,引言背景与评价规范,仅定位到既有阅读笔记，技术细节和数值本次未复核；正式引用前核原文。,,
zheng2025,Estimating Dynamic Soft Continuum Robot States From Boundaries,2025,原文核对指定章节,G3,部分观测、形状传感与观察器,边界传感; 状态观察器; Cosserat; 部分观测,P1 核心,primary_checked,https://arxiv.org/abs/2505.04491,,../notes/notes_zheng2025_boundary_observer.md,,引言第3/4段；RW3；可观测性边界,这里boundary是杆的物理边界，不是图像轮廓；不能把其收敛定理或力估计能力移植给本项目的p/h更新。,core_papers.md#zheng2025,introduction_atlas.md#zheng2025
zheng_softae2025,Learning Soft Robotic Dynamics with Active Exploration (SoftAE),2025,原文核对指定章节,G4,预测、视觉与自适应控制,主动探索; 概率集成; 任务泛化,P2 精读,primary_checked,https://arxiv.org/abs/2510.27428,,../notes/notes_zheng2025_softae_active_dynamics.md,,数据采集讨论；未来工作,当前全遮挡停止不是主动探索；不能给现有实现添加不确定性驱动采集/控制的标签。,core_papers.md#zheng_softae2025,
almanzor2023,Static Shape Control of Soft Continuum Robots Using Deep Visual Inverse Kinematic Models,2023,本地出版/接受稿核对指定章节,G4,预测、视觉与自适应控制,全身静态控制; 视觉逆运动学; 手绘目标,P1 核心,primary_checked,https://doi.org/10.1109/TRO.2023.3275375,,,,RW1/4；B1；目标任务设计,静态形状任务与动态历史补偿不同，但不能声称首次全身控制或首次手绘目标；原文也讨论遮挡影响。,core_papers.md#almanzor2023,
softnerf2024,SoftNeRF: A Self-Modeling Soft Robot Plugin for Various Tasks,2024,本地出版/接受稿核对指定章节,G1,视觉自建模与全身表示,自建模; 多视角; 隐式形状,P2 精读,primary_checked,https://doi.org/10.1109/IROS58592.2024.10801344,,,,RW1；从表示到任务,本项目当前控制没有运行NeRF渲染或多视角SDF；不能沿用旧项目名词描述当前算法。,core_papers.md#softnerf2024,
hu2025,Teaching robots to build simulations of themselves,2025,本地出版/接受稿核对指定章节,G1,视觉自建模与全身表示,视觉自建模; 自建仿真; 形态变化,P2 精读,primary_checked,https://doi.org/10.1038/s42256-025-01006-w,,,,RW1背景；文献身份区分,不能与“Leveraging Part-Based NeRF…”(10.1002/smb2.70005)合并为同一条文献。,core_papers.md#hu2025,
tang2026,"A general soft robotic controller inspired by neuronal structural and plastic synapses that adapts to diverse arms, tasks, and perturbations",2026,本地出版/接受稿核对指定章节,G4,预测、视觉与自适应控制,在线适应; 多任务; 多软臂; 稳定性,P2 精读,primary_checked,https://doi.org/10.1126/sciadv.aea3712,,,,RW4；状态校正与参数适应之别,本项目只修正状态、权重冻结，不具有这类跨形态在线参数学习或相同稳定性结论。,core_papers.md#tang2026,
xu2026,Safety-Aware Adaptive Visual Servoing of Soft Robots through Online Shape-Force Transformation,2026,本地出版/接受稿核对指定章节,G5,约束、接触与安全,视觉伺服; 接触力; 安全约束; 在线适应,P2 精读,primary_checked,https://doi.org/10.1109/TRO.2026.3706564,,,,RW4边界；接触是未来扩展,遮挡补偿不等于力估计；本项目未实现在线形状—力变换或接触约束。,core_papers.md#xu2026,
